{
  "description": {
    "title": "South America Temperature Anomalies, June",
    "units": "Degrees Celsius",
    "base_period": "1910-2000",
    "missing": -999
  },
  "data": {
    "1910": "0.00",
    "1911": "-0.82",
    "1912": "-0.16",
    "1913": "-0.19",
    "1914": "0.17",
    "1915": "-0.73",
    "1916": "-1.39",
    "1917": "-0.84",
    "1918": "-0.74",
    "1919": "-0.26",
    "1920": "-0.82",
    "1921": "-1.16",
    "1922": "-0.87",
    "1923": "-0.30",
    "1924": "-0.68",
    "1925": "-0.84",
    "1926": "0.03",
    "1927": "-0.76",
    "1928": "-0.55",
    "1929": "-0.83",
    "1930": "0.62",
    "1931": "-0.72",
    "1932": "-0.17",
    "1933": "-0.59",
    "1934": "0.01",
    "1935": "0.09",
    "1936": "-0.07",
    "1937": "0.37",
    "1938": "-0.15",
    "1939": "0.46",
    "1940": "0.50",
    "1941": "0.11",
    "1942": "-0.87",
    "1943": "-0.10",
    "1944": "0.37",
    "1945": "-0.18",
    "1946": "-0.33",
    "1947": "0.46",
    "1948": "0.32",
    "1949": "0.13",
    "1950": "-0.04",
    "1951": "0.41",
    "1952": "-1.01",
    "1953": "0.16",
    "1954": "-0.20",
    "1955": "-0.10",
    "1956": "-0.75",
    "1957": "0.15",
    "1958": "0.67",
    "1959": "0.05",
    "1960": "0.02",
    "1961": "-0.22",
    "1962": "-0.41",
    "1963": "0.03",
    "1964": "-0.59",
    "1965": "1.07",
    "1966": "0.50",
    "1967": "-0.74",
    "1968": "-0.10",
    "1969": "0.52",
    "1970": "0.34",
    "1971": "-0.67",
    "1972": "0.91",
    "1973": "0.71",
    "1974": "-0.15",
    "1975": "0.53",
    "1976": "-0.16",
    "1977": "0.57",
    "1978": "0.09",
    "1979": "-0.11",
    "1980": "0.34",
    "1981": "-0.06",
    "1982": "0.45",
    "1983": "0.03",
    "1984": "-0.22",
    "1985": "0.21",
    "1986": "0.60",
    "1987": "0.75",
    "1988": "-0.07",
    "1989": "0.58",
    "1990": "0.22",
    "1991": "0.74",
    "1992": "1.14",
    "1993": "0.67",
    "1994": "0.95",
    "1995": "0.76",
    "1996": "-0.21",
    "1997": "0.92",
    "1998": "0.98",
    "1999": "0.50",
    "2000": "0.74",
    "2001": "0.41",
    "2002": "0.47",
    "2003": "1.44",
    "2004": "0.81",
    "2005": "1.40",
    "2006": "1.03",
    "2007": "0.68",
    "2008": "0.17",
    "2009": "0.51",
    "2010": "1.19",
    "2011": "1.00",
    "2012": "1.05",
    "2013": "1.27",
    "2014": "1.29",
    "2015": "1.71",
    "2016": "0.41",
    "2017": "1.36",
    "2018": "0.45",
    "2019": "1.78",
    "2020": "0.78"
  }
}